<?xml version="1.0" encoding="utf-8"?>
<odoo>

    <data noupdate="1">
         <!--
             Procurement rules
        -->
        <record id="route_warehouse0_testable" model='stock.location.route'>
            <field name="name">Testable</field>
            <field name="company_id"></field>
            <field name="product_selectable">True</field>
            <field name="sale_selectable">False</field>
            <field name="sequence">5</field>
        </record>

         <!--
             location
        -->
        <record id="stock_location_test" model="stock.location">
            <field name="name">Testing</field>
            <field name="usage">internal</field>
            <field name="removal_strategy_id" ref="stock.removal_fifo"/>
            <field name="company_id"></field>
        </record>

        <record id="stock_location_clean" model="stock.location">
            <field name="name">Cleaning</field>
            <field name="usage">internal</field>
            <field name="removal_strategy_id" ref="stock.removal_fifo"/>
            <field name="company_id"></field>
        </record>

        <record id="stock_location_production" model="stock.location">
            <field name="name">Production</field>
            <field name="usage">internal</field>
            <field name="removal_strategy_id" ref="stock.removal_fifo"/>
            <field name="company_id"></field>
        </record>

        <record id="stock_location_reject" model="stock.location">
            <field name="name">Reject</field>
            <field name="usage">internal</field>
            <field name="removal_strategy_id" ref="stock.removal_fifo"/>
            <field name="company_id"></field>
        </record>

         <!--
             lab location type
        -->

        <record id="lab_type_pcqi_report" model="lab.location.type">
            <field name="name">PCQI</field>
            <field name="lab_location_id" ref="stock_location_test"/>
        </record>

        <record id="lab_type_qc_report" model="lab.location.type">
            <field name="name">QC</field>
            <field name="lab_location_id" ref="stock_location_test"/>
        </record>

        <record id="lab_type_test" model="lab.location.type">
            <field name="name">Testing</field>
            <field name="lab_location_id" ref="stock_location_test"/>
        </record>

        <record id="lab_type_clean" model="lab.location.type">
            <field name="name">Cleaning</field>
            <field name="lab_location_id" ref="stock_location_clean"/>
        </record>

        <record id="lab_type_production" model="lab.location.type">
            <field name="name">Production</field>
            <field name="lab_location_id" ref="stock_location_production"/>
        </record>

        <record id="lab_type_reject" model="lab.location.type">
            <field name="name">Reject</field>
            <field name="lab_location_id" ref="stock_location_reject"/>
        </record>
    </data>


</odoo>
